urls;actions;numerosity
https://www.nba.com/stats/events/?CFID=&CFPARAMS=&GameEventID=559&GameID=0022400433&Season=2024-25&flag=1&title=Yabusele%20REBOUND%20(Off:5%20Def:3);[{'player': '0', 'action': '3PT Shot', 'result': False, 'assisted': False, 'other_player': None, 'color': 'white'}, {'player': '28', 'action': 'Rebound', 'result': None, 'assisted': None, 'other_player': None, 'color': 'white'}];2
https://www.nba.com/stats/events/?CFID=&CFPARAMS=&GameEventID=525&GameID=0022400886&Season=2024-25&flag=1&title=BULLS%20Rebound;[{'player': '0', 'action': '3PT Shot', 'result': False, 'assisted': False, 'other_player': None, 'color': 'white'}, {'player': '5', 'action': 'Block', 'result': None, 'assisted': None, 'other_player': None, 'color': 'black'}];2
https://www.nba.com/stats/events/?CFID=&CFPARAMS=&GameEventID=58&GameID=0022400865&Season=2024-25&flag=1&title=Brown%20REBOUND%20(Off:0%20Def:3);[{'player': '11', 'action': '3PT Shot', 'result': False, 'assisted': False, 'other_player': None, 'color': 'green'}, {'player': '9', 'action': 'Rebound', 'result': None, 'assisted': None, 'other_player': None, 'color': 'white'}];2
https://www.nba.com/stats/events/?CFID=&CFPARAMS=&GameEventID=20&GameID=0022400898&Season=2024-25&flag=1&title=Zubac%20REBOUND%20(Off:0%20Def:1);[{'player': '5', 'action': '3PT Shot', 'result': False, 'assisted': False, 'other_player': None, 'color': 'white'}, {'player': '40', 'action': 'Rebound', 'result': None, 'assisted': None, 'other_player': None, 'color': 'blue'}];2
https://www.nba.com/stats/events/?CFID=&CFPARAMS=&GameEventID=295&GameID=0022401222&Season=2024-25&flag=1&title=Richards%20Free%20Throw%202%20of%202%20(8%20PTS);[{'player': '4', 'action': 'Free Throw', 'result': True, 'assisted': False, 'other_player': None, 'color': 'blue'}];1
https://www.nba.com/stats/events/?CFID=&CFPARAMS=&GameEventID=632&GameID=0022401220&Season=2024-25&flag=1&title=Smart%20REBOUND%20(Off:1%20Def:2);[{'player': '12', 'action': '3PT Shot', 'result': False, 'assisted': False, 'other_player': None, 'color': 'white'}, {'player': '36', 'action': 'Rebound', 'result': None, 'assisted': None, 'other_player': None, 'color': 'blue'}];2
https://www.nba.com/stats/events/?CFID=&CFPARAMS=&GameEventID=474&GameID=0022400879&Season=2024-25&flag=1&title=Wiggins%20REBOUND%20(Off:2%20Def:3);[{'player': '3', 'action': 'Free Throw', 'result': False, 'assisted': False, 'other_player': None, 'color': 'black'}, {'player': '21', 'action': 'Rebound', 'result': None, 'assisted': None, 'other_player': None, 'color': 'white'}];2
https://www.nba.com/stats/events/?CFID=&CFPARAMS=&GameEventID=101&GameID=0022400874&Season=2024-25&flag=1&title=Vanderbilt%20REBOUND%20(Off:0%20Def:1);[{'player': '77', 'action': 'Turnover', 'result': None, 'assisted': None, 'other_player': None, 'color': 'white'}, {'player': '7', 'action': 'Steal', 'result': None, 'assisted': None, 'other_player': None, 'color': 'blue'}, {'player': '24', 'action': '3PT Shot', 'result': False, 'assisted': False, 'other_player': None, 'color': 'blue'}, {'player': '2', 'action': 'Rebound', 'result': None, 'assisted': None, 'other_player': None, 'color': 'white'}];4
https://www.nba.com/stats/events/?CFID=&CFPARAMS=&GameEventID=586&GameID=0022400367&Season=2024-25&flag=1&title=MISS%20Ryan%2024%27%203PT%20Jump%20Shot;[{'player': '37', 'action': '3PT Shot', 'result': False, 'assisted': False, 'other_player': None, 'color': 'blue'}];1
https://www.nba.com/stats/events/?CFID=&CFPARAMS=&GameEventID=153&GameID=0022401226&Season=2024-25&flag=1&title=Juzang%20REBOUND%20(Off:0%20Def:1);[{'player': '1', 'action': '3PT Shot', 'result': False, 'assisted': False, 'other_player': None, 'color': 'red'}, {'player': '33', 'action': 'Rebound', 'result': None, 'assisted': None, 'other_player': None, 'color': 'white'}];2
https://www.nba.com/stats/events/?CFID=&CFPARAMS=&GameEventID=567&GameID=0022400885&Season=2024-25&flag=1&title=Moody%20REBOUND%20(Off:2%20Def:2);[{'player': '8', 'action': 'Free Throw', 'result': False, 'assisted': False, 'other_player': None, 'color': 'white'}, {'player': '4', 'action': 'Rebound', 'result': None, 'assisted': None, 'other_player': None, 'color': 'blue'}];2
https://www.nba.com/stats/events/?CFID=&CFPARAMS=&GameEventID=354&GameID=0022400398&Season=2024-25&flag=1&title=Portis%201%27%20Running%20Dunk%20(14%20PTS)%20(Middleton%203%20AST);[{'player': '0', 'action': '3PT Shot', 'result': False, 'assisted': False, 'other_player': None, 'color': 'white'}, {'player': '44', 'action': 'Rebound', 'result': None, 'assisted': None, 'other_player': None, 'color': 'green'}, {'player': '9', 'action': '2PT Shot', 'result': True, 'assisted': True, 'other_player': '22', 'color': 'green'}];3
https://www.nba.com/stats/events/?CFID=&CFPARAMS=&GameEventID=727&GameID=0022401222&Season=2024-25&flag=1&title=Maxey%20Free%20Throw%201%20of%202%20(39%20PTS);[{'player': '0', 'action': 'Free Throw', 'result': True, 'assisted': False, 'other_player': None, 'color': 'white'}];1
https://www.nba.com/stats/events/?CFID=&CFPARAMS=&GameEventID=481&GameID=0022400368&Season=2024-25&flag=1&title=Bamba%20REBOUND%20(Off:2%20Def:4);[{'player': '26', 'action': 'Free Throw', 'result': False, 'assisted': False, 'other_player': None, 'color': 'white'}, {'player': '4', 'action': 'Rebound', 'result': None, 'assisted': None, 'other_player': None, 'color': 'blue'}];2
https://www.nba.com/stats/events/?CFID=&CFPARAMS=&GameEventID=66&GameID=0022400363&Season=2024-25&flag=1&title=Dosunmu%2027%27%203PT%20Jump%20Shot%20(3%20PTS)%20(LaVine%201%20AST);[{'player': '11', 'action': '3PT Shot', 'result': True, 'assisted': True, 'other_player': '8', 'color': 'black'}];1
https://www.nba.com/stats/events/?CFID=&CFPARAMS=&GameEventID=565&GameID=0022401226&Season=2024-25&flag=1&title=Juzang%20REBOUND%20(Off:0%20Def:3);[{'player': '11', 'action': '3PT Shot', 'result': False, 'assisted': False, 'other_player': None, 'color': 'red'}, {'player': '33', 'action': 'Rebound', 'result': None, 'assisted': None, 'other_player': None, 'color': 'white'}];2
https://www.nba.com/stats/events/?CFID=&CFPARAMS=&GameEventID=570&GameID=0022400866&Season=2024-25&flag=1&title=Porter%20Jr.%20REBOUND%20(Off:0%20Def:5);[{'player': '9', 'action': '3PT Shot', 'result': False, 'assisted': False, 'other_player': None, 'color': 'green'}, {'player': '1', 'action': 'Rebound', 'result': None, 'assisted': None, 'other_player': None, 'color': 'white'}];2
https://www.nba.com/stats/events/?CFID=&CFPARAMS=&GameEventID=13&GameID=0022400879&Season=2024-25&flag=1&title=Ja.%20Green%20Free%20Throw%202%20of%202%20(1%20PTS);[{'player': '4', 'action': 'Free Throw', 'result': True, 'assisted': False, 'other_player': None, 'color': 'black'}];1
https://www.nba.com/stats/events/?CFID=&CFPARAMS=&GameEventID=489&GameID=0022400919&Season=2024-25&flag=1&title=Cunningham%20Free%20Throw%201%20of%201%20(10%20PTS);[{'player': '2', 'action': 'Free Throw', 'result': True, 'assisted': False, 'other_player': None, 'color': 'blue'}];1
https://www.nba.com/stats/events/?CFID=&CFPARAMS=&GameEventID=161&GameID=0022401218&Season=2024-25&flag=1&title=Timberwolves%20Rebound;[{'player': '0', 'action': '3PT Shot', 'result': False, 'assisted': False, 'other_player': None, 'color': 'green'}];1
https://www.nba.com/stats/events/?CFID=&CFPARAMS=&GameEventID=27&GameID=0022400872&Season=2024-25&flag=1&title=Olynyk%2027%27%203PT%20Jump%20Shot%20(3%20PTS)%20(Williamson%201%20AST);[{'player': '13', 'action': '3PT Shot', 'result': True, 'assisted': True, 'other_player': '1', 'color': 'white'}];1
https://www.nba.com/stats/events/?CFID=&CFPARAMS=&GameEventID=537&GameID=0022400382&Season=2024-25&flag=1&title=Trent%20Jr.%20REBOUND%20(Off:1%20Def:6);[{'player': '0', 'action': '3PT Shot', 'result': False, 'assisted': False, 'other_player': None, 'color': 'white'}, {'player': '5', 'action': 'Rebound', 'result': None, 'assisted': None, 'other_player': None, 'color': 'green'}];2
https://www.nba.com/stats/events/?CFID=&CFPARAMS=&GameEventID=621&GameID=0022401217&Season=2024-25&flag=1&title=Hauser%20REBOUND%20(Off:2%20Def:5);[{'player': '9', 'action': 'Rebound', 'result': None, 'assisted': None, 'other_player': None, 'color': 'gray'}, {'player': '0', 'action': '3PT Shot', 'result': False, 'assisted': False, 'other_player': None, 'color': 'gray'}, {'player': '30', 'action': 'Rebound', 'result': None, 'assisted': None, 'other_player': None, 'color': 'green'}];3
https://www.nba.com/stats/events/?CFID=&CFPARAMS=&GameEventID=665&GameID=0022401228&Season=2024-25&flag=1&title=Washington%20Free%20Throw%202%20of%202%20(13%20PTS);[{'player': '25', 'action': 'Free Throw', 'result': True, 'assisted': False, 'other_player': None, 'color': 'white'}];1
https://www.nba.com/stats/events/?CFID=&CFPARAMS=&GameEventID=446&GameID=0022400365&Season=2024-25&flag=1&title=Jones%20Free%20Throw%201%20of%202%20(19%20PTS);[{'player': '2', 'action': 'Free Throw', 'result': True, 'assisted': False, 'other_player': None, 'color': 'blue'}];1
https://www.nba.com/stats/events/?CFID=&CFPARAMS=&GameEventID=555&GameID=0022400884&Season=2024-25&flag=1&title=MISS%20Kuzma%20Free%20Throw%201%20of%202;[{'player': '18', 'action': 'Free Throw', 'result': False, 'assisted': False, 'other_player': None, 'color': 'white'}];1
https://www.nba.com/stats/events/?CFID=&CFPARAMS=&GameEventID=741&GameID=0022400905&Season=2024-25&flag=1&title=MISS%20Kessler%20Free%20Throw%201%20of%201;[{'player': '24', 'action': 'Free Throw', 'result': False, 'assisted': False, 'other_player': None, 'color': 'white'}];1
https://www.nba.com/stats/events/?CFID=&CFPARAMS=&GameEventID=487&GameID=0022400901&Season=2024-25&flag=1&title=Butler%20III%20Free%20Throw%202%20of%202%20(18%20PTS);[{'player': '10', 'action': 'Free Throw', 'result': True, 'assisted': False, 'other_player': None, 'color': 'white'}];1
https://www.nba.com/stats/events/?CFID=&CFPARAMS=&GameEventID=157&GameID=0022400905&Season=2024-25&flag=1&title=Quickley%20Free%20Throw%201%20of%202%20(7%20PTS);[{'player': '5', 'action': 'Free Throw', 'result': True, 'assisted': False, 'other_player': None, 'color': 'purple'}];1
https://www.nba.com/stats/events/?CFID=&CFPARAMS=&GameEventID=318&GameID=0022400365&Season=2024-25&flag=1&title=VanVleet%20Free%20Throw%202%20of%202%20(9%20PTS);[{'player': '5', 'action': 'Free Throw', 'result': True, 'assisted': False, 'other_player': None, 'color': 'red'}];1
https://www.nba.com/stats/events/?CFID=&CFPARAMS=&GameEventID=207&GameID=0022401221&Season=2024-25&flag=1&title=PISTONS%20Rebound;[{'player': '2', 'action': 'Free Throw', 'result': True, 'assisted': False, 'other_player': None, 'color': 'blue'}, {'player': '2', 'action': 'Free Throw', 'result': False, 'assisted': False, 'other_player': None, 'color': 'blue'}];2
https://www.nba.com/stats/events/?CFID=&CFPARAMS=&GameEventID=11&GameID=0022400860&Season=2024-25&flag=1&title=Smith%20Jr.%2024%27%203PT%20Step%20Back%20Jump%20Shot%20(3%20PTS)%20(Ball%201%20AST);[{'player': '8', 'action': '3PT Shot', 'result': True, 'assisted': True, 'other_player': '1', 'color': 'blue'}];1
https://www.nba.com/stats/events/?CFID=&CFPARAMS=&GameEventID=180&GameID=0022400866&Season=2024-25&flag=1&title=Tatum%20REBOUND%20(Off:0%20Def:2);[{'player': '6', 'action': 'Free Throw', 'result': False, 'assisted': False, 'other_player': None, 'color': 'white'}, {'player': '0', 'action': 'Rebound', 'result': None, 'assisted': None, 'other_player': None, 'color': 'green'}];2
https://www.nba.com/stats/events/?CFID=&CFPARAMS=&GameEventID=686&GameID=0022401218&Season=2024-25&flag=1&title=Bassey%20REBOUND%20(Off:2%20Def:5);[{'player': '4', 'action': '3PT Shot', 'result': False, 'assisted': False, 'other_player': None, 'color': 'green'}, {'player': '28', 'action': 'Rebound', 'result': None, 'assisted': None, 'other_player': None, 'color': 'white'}];2
https://www.nba.com/stats/events/?CFID=&CFPARAMS=&GameEventID=610&GameID=0022400868&Season=2024-25&flag=1&title=Siakam%20REBOUND%20(Off:1%20Def:5);[{'player': '12', 'action': '3PT Shot', 'result': False, 'assisted': False, 'other_player': None, 'color': 'red'}, {'player': '43', 'action': 'Rebound', 'result': None, 'assisted': None, 'other_player': None, 'color': 'blue'}];2
https://www.nba.com/stats/events/?CFID=&CFPARAMS=&GameEventID=329&GameID=0022400898&Season=2024-25&flag=1&title=Cunningham%20Free%20Throw%202%20of%202%20(19%20PTS);[{'player': '2', 'action': 'Free Throw', 'result': True, 'assisted': False, 'other_player': None, 'color': 'white'}];1
https://www.nba.com/stats/events/?CFID=&CFPARAMS=&GameEventID=409&GameID=0022400901&Season=2024-25&flag=1&title=C.%20Johnson%201%27%20Driving%20Finger%20Roll%20Layup%20(14%20PTS)%20(Claxton%208%20AST);[{'player': '13', 'action': '3PT Shot', 'result': False, 'assisted': False, 'other_player': None, 'color': 'black'}, {'player': '33', 'action': 'Rebound', 'result': None, 'assisted': None, 'other_player': None, 'color': 'black'}, {'player': '2', 'action': '2PT Shot', 'result': True, 'assisted': True, 'other_player': '33', 'color': 'black'}];3
https://www.nba.com/stats/events/?CFID=&CFPARAMS=&GameEventID=135&GameID=0022400378&Season=2024-25&flag=1&title=Aldama%20REBOUND%20(Off:0%20Def:1);[{'player': '22', 'action': '3PT Shot', 'result': False, 'assisted': False, 'other_player': None, 'color': 'white'}, {'player': '7', 'action': 'Rebound', 'result': None, 'assisted': None, 'other_player': None, 'color': 'blue'}];2
https://www.nba.com/stats/events/?CFID=&CFPARAMS=&GameEventID=232&GameID=0022401218&Season=2024-25&flag=1&title=Sochan%20REBOUND%20(Off:2%20Def:3);[{'player': '54', 'action': '3PT Shot', 'result': False, 'assisted': False, 'other_player': None, 'color': 'white'}, {'player': '10', 'action': 'Rebound', 'result': None, 'assisted': None, 'other_player': None, 'color': 'white'}];2
https://www.nba.com/stats/events/?CFID=&CFPARAMS=&GameEventID=165&GameID=0022401220&Season=2024-25&flag=1&title=LaRavia%20Free%20Throw%202%20of%202%20(2%20PTS);[{'player': '3', 'action': 'Free Throw', 'result': True, 'assisted': False, 'other_player': None, 'color': 'blue'}];1
https://www.nba.com/stats/events/?CFID=&CFPARAMS=&GameEventID=596&GameID=0022400397&Season=2024-25&flag=1&title=Barrett%20Free%20Throw%202%20of%202%20(23%20PTS);[{'player': '9', 'action': 'Free Throw', 'result': True, 'assisted': False, 'other_player': None, 'color': 'red'}];1
https://www.nba.com/stats/events/?CFID=&CFPARAMS=&GameEventID=57&GameID=0022400872&Season=2024-25&flag=1&title=Juzang%203PT%20Jump%20Shot%20(3%20PTS)%20(Filipowski%203%20AST);[{'player': '33', 'action': '3PT Shot', 'result': True, 'assisted': True, 'other_player': '22', 'color': 'purple'}];1
https://www.nba.com/stats/events/?CFID=&CFPARAMS=&GameEventID=409&GameID=0022401219&Season=2024-25&flag=1&title=Jones%2025%27%203PT%20Pullup%20Jump%20Shot%20(14%20PTS);[{'player': '21', 'action': '3PT Shot', 'result': True, 'assisted': False, 'other_player': None, 'color': 'purple'}];1
https://www.nba.com/stats/events/?CFID=&CFPARAMS=&GameEventID=97&GameID=0022401217&Season=2024-25&flag=1&title=Poole%2026%27%203PT%20Pullup%20Jump%20Shot%20(6%20PTS);[{'player': '13', 'action': '3PT Shot', 'result': True, 'assisted': False, 'other_player': None, 'color': 'gray'}];1
https://www.nba.com/stats/events/?CFID=&CFPARAMS=&GameEventID=252&GameID=0022400884&Season=2024-25&flag=1&title=Mann%2026%27%203PT%20Step%20Back%20Jump%20Shot%20(9%20PTS)%20(Daniels%203%20AST);[{'player': '14', 'action': '3PT Shot', 'result': True, 'assisted': True, 'other_player': '5', 'color': 'red'}];1
https://www.nba.com/stats/events/?CFID=&CFPARAMS=&GameEventID=616&GameID=0022400375&Season=2024-25&flag=1&title=MISS%20Hartenstein%20Free%20Throw%201%20of%202;[{'player': '55', 'action': 'Free Throw', 'result': False, 'assisted': False, 'other_player': None, 'color': 'orange'}];1
https://www.nba.com/stats/events/?CFID=&CFPARAMS=&GameEventID=536&GameID=0022400864&Season=2024-25&flag=1&title=MISS%20Grimes%20Free%20Throw%201%20of%202;[{'player': '5', 'action': 'Free Throw', 'result': False, 'assisted': False, 'other_player': None, 'color': 'white'}];1
https://www.nba.com/stats/events/?CFID=&CFPARAMS=&GameEventID=443&GameID=0022400384&Season=2024-25&flag=1&title=Murray%2027%27%203PT%20Jump%20Shot%20(10%20PTS)%20(Murphy%20III%201%20AST);[{'player': '5', 'action': '3PT Shot', 'result': True, 'assisted': True, 'other_player': '25', 'color': 'red'}];1
https://www.nba.com/stats/events/?CFID=&CFPARAMS=&GameEventID=170&GameID=0022401220&Season=2024-25&flag=1&title=Morant%20Free%20Throw%201%20of%202%20(3%20PTS);[{'player': '12', 'action': 'Free Throw', 'result': True, 'assisted': False, 'other_player': None, 'color': 'blue'}];1
https://www.nba.com/stats/events/?CFID=&CFPARAMS=&GameEventID=602&GameID=0022400952&Season=2024-25&flag=1&title=Jones%20REBOUND%20(Off:0%20Def:1);[{'player': '8', 'action': '3PT Shot', 'result': False, 'assisted': False, 'other_player': None, 'color': 'blue'}, {'player': '21', 'action': 'Rebound', 'result': None, 'assisted': None, 'other_player': None, 'color': 'white'}];2
https://www.nba.com/stats/events/?CFID=&CFPARAMS=&GameEventID=640&GameID=0022401219&Season=2024-25&flag=1&title=Booker%20Free%20Throw%201%20of%202%20(27%20PTS);[{'player': '1', 'action': 'Free Throw', 'result': True, 'assisted': False, 'other_player': None, 'color': 'purple'}];1
https://www.nba.com/stats/events/?CFID=&CFPARAMS=&GameEventID=228&GameID=0022400863&Season=2024-25&flag=1&title=Castle%20REBOUND%20(Off:0%20Def:1);[{'player': '1', 'action': '3PT Shot', 'result': False, 'assisted': False, 'other_player': None, 'color': 'red'}, {'player': '5', 'action': 'Rebound', 'result': None, 'assisted': None, 'other_player': None, 'color': 'black'}];2
https://www.nba.com/stats/events/?CFID=&CFPARAMS=&GameEventID=335&GameID=0022400394&Season=2024-25&flag=1&title=Maxey%2027%27%203PT%20Jump%20Shot%20(14%20PTS)%20(Oubre%20Jr.%201%20AST);[{'player': '0', 'action': '3PT Shot', 'result': True, 'assisted': True, 'other_player': '9', 'color': 'white'}];1
https://www.nba.com/stats/events/?CFID=&CFPARAMS=&GameEventID=624&GameID=0022400398&Season=2024-25&flag=1&title=Buzelis%20Free%20Throw%202%20of%202%20(1%20PTS);[{'player': '14', 'action': 'Free Throw', 'result': True, 'assisted': False, 'other_player': None, 'color': 'white'}];1
https://www.nba.com/stats/events/?CFID=&CFPARAMS=&GameEventID=54&GameID=0022401216&Season=2024-25&flag=1&title=PACERS%20Rebound;[{'player': '2', 'action': '3PT Shot', 'result': False, 'assisted': False, 'other_player': None, 'color': 'blue'}];1
https://www.nba.com/stats/events/?CFID=&CFPARAMS=&GameEventID=105&GameID=0022401216&Season=2024-25&flag=1&title=Jones%203PT%20Jump%20Shot%20(5%20PTS)%20(Murray%201%20AST);[{'player': '2', 'action': '3PT Shot', 'result': True, 'assisted': True, 'other_player': '5', 'color': 'blue'}];1
https://www.nba.com/stats/events/?CFID=&CFPARAMS=&GameEventID=351&GameID=0022401228&Season=2024-25&flag=1&title=Curry%2028%27%203PT%20Jump%20Shot%20(15%20PTS)%20(Wiggins%204%20AST);[{'player': '30', 'action': '3PT Shot', 'result': True, 'assisted': True, 'other_player': '22', 'color': 'blue'}];1
https://www.nba.com/stats/events/?CFID=&CFPARAMS=&GameEventID=15&GameID=0022400363&Season=2024-25&flag=1&title=White%20REBOUND%20(Off:1%20Def:0);[{'player': '44', 'action': '2PT Shot', 'result': False, 'assisted': False, 'other_player': None, 'color': 'black'}, {'player': '0', 'action': 'Rebound', 'result': None, 'assisted': None, 'other_player': None, 'color': 'white'}, {'player': '7', 'action': '3PT Shot', 'result': False, 'assisted': False, 'other_player': None, 'color': 'white'}, {'player': '0', 'action': 'Rebound', 'result': None, 'assisted': None, 'other_player': None, 'color': 'black'}];4
https://www.nba.com/stats/events/?CFID=&CFPARAMS=&GameEventID=57&GameID=0022400863&Season=2024-25&flag=1&title=Fox%20Free%20Throw%202%20of%202%20(2%20PTS);[{'player': '4', 'action': 'Free Throw', 'result': True, 'assisted': False, 'other_player': None, 'color': 'black'}];1
https://www.nba.com/stats/events/?CFID=&CFPARAMS=&GameEventID=96&GameID=0022401220&Season=2024-25&flag=1&title=Aldama%20Free%20Throw%201%20of%202%20(1%20PTS);[{'player': '7', 'action': 'Free Throw', 'result': True, 'assisted': False, 'other_player': None, 'color': 'blue'}];1
https://www.nba.com/stats/events/?CFID=&CFPARAMS=&GameEventID=456&GameID=0022400870&Season=2024-25&flag=1&title=Caldwell-Pope%20Free%20Throw%201%20of%201%20(12%20PTS);[{'player': '3', 'action': 'Free Throw', 'result': True, 'assisted': False, 'other_player': None, 'color': 'white'}];1
https://www.nba.com/stats/events/?CFID=&CFPARAMS=&GameEventID=609&GameID=0022400905&Season=2024-25&flag=1&title=MISS%20Sexton%20Free%20Throw%201%20of%202;[{'player': '2', 'action': 'Free Throw', 'result': False, 'assisted': False, 'other_player': None, 'color': 'white'}];1
https://www.nba.com/stats/events/?CFID=&CFPARAMS=&GameEventID=80&GameID=0022400860&Season=2024-25&flag=1&title=MISS%20Green%20Free%20Throw%201%20of%202;[{'player': '10', 'action': 'Free Throw', 'result': False, 'assisted': False, 'other_player': None, 'color': 'blue'}];1
https://www.nba.com/stats/events/?CFID=&CFPARAMS=&GameEventID=357&GameID=0022400869&Season=2024-25&flag=1&title=Burks%2024%27%203PT%20Jump%20Shot%20(9%20PTS)%20(Mitchell%205%20AST);[{'player': '18', 'action': '3PT Shot', 'result': True, 'assisted': True, 'other_player': '23', 'color': 'white'}];1
https://www.nba.com/stats/events/?CFID=&CFPARAMS=&GameEventID=459&GameID=0022400898&Season=2024-25&flag=1&title=Schr%C3%B6der%20REBOUND%20(Off:1%20Def:3);[{'player': '21', 'action': '3PT Shot', 'result': False, 'assisted': False, 'other_player': None, 'color': 'blue'}, {'player': '17', 'action': 'Rebound', 'result': None, 'assisted': None, 'other_player': None, 'color': 'white'}];2
https://www.nba.com/stats/events/?CFID=&CFPARAMS=&GameEventID=601&GameID=0022401219&Season=2024-25&flag=1&title=Avdija%20REBOUND%20(Off:0%20Def:5);[{'player': '35', 'action': 'Free Throw', 'result': False, 'assisted': False, 'other_player': None, 'color': 'purple'}, {'player': '8', 'action': 'Rebound', 'result': None, 'assisted': None, 'other_player': None, 'color': 'white'}];2
https://www.nba.com/stats/events/?CFID=&CFPARAMS=&GameEventID=678&GameID=0022400365&Season=2024-25&flag=1&title=Holiday%20Free%20Throw%201%20of%202%20(9%20PTS);[{'player': '0', 'action': 'Free Throw', 'result': True, 'assisted': False, 'other_player': None, 'color': 'red'}];1
https://www.nba.com/stats/events/?CFID=&CFPARAMS=&GameEventID=286&GameID=0022400382&Season=2024-25&flag=1&title=Kispert%2024%27%203PT%20Running%20Jump%20Shot%20(9%20PTS)%20(Brogdon%201%20AST);[{'player': '24', 'action': '3PT Shot', 'result': True, 'assisted': True, 'other_player': '15', 'color': 'white'}];1
https://www.nba.com/stats/events/?CFID=&CFPARAMS=&GameEventID=570&GameID=0022401224&Season=2024-25&flag=1&title=C.%20Johnson%20Free%20Throw%201%20of%203%20(20%20PTS);[{'player': '2', 'action': 'Free Throw', 'result': True, 'assisted': False, 'other_player': None, 'color': 'gray'}];1
https://www.nba.com/stats/events/?CFID=&CFPARAMS=&GameEventID=407&GameID=0022400870&Season=2024-25&flag=1&title=Poeltl%20Free%20Throw%202%20of%202%20(11%20PTS);[{'player': '19', 'action': 'Free Throw', 'result': True, 'assisted': False, 'other_player': None, 'color': 'red'}];1
https://www.nba.com/stats/events/?CFID=&CFPARAMS=&GameEventID=463&GameID=0022400952&Season=2024-25&flag=1&title=MISS%20Edwards%20Free%20Throw%201%20of%201;[{'player': '5', 'action': 'Free Throw', 'result': False, 'assisted': False, 'other_player': None, 'color': 'blue'}];1
https://www.nba.com/stats/events/?CFID=&CFPARAMS=&GameEventID=525&GameID=0022400872&Season=2024-25&flag=1&title=Potter%20Tip%20Dunk%20Shot%20(8%20PTS);[{'player': '25', 'action': '3PT Shot', 'result': False, 'assisted': False, 'other_player': None, 'color': 'purple'}, {'player': '28', 'action': 'Rebound', 'result': None, 'assisted': None, 'other_player': None, 'color': 'purple'}, {'player': '28', 'action': '3PT Shot', 'result': False, 'assisted': False, 'other_player': None, 'color': 'purple'}, {'player': '25', 'action': 'Rebound', 'result': None, 'assisted': None, 'other_player': None, 'color': 'purple'}, {'player': '25', 'action': '2PT Shot', 'result': True, 'assisted': False, 'other_player': None, 'color': 'purple'}];5
https://www.nba.com/stats/events/?CFID=&CFPARAMS=&GameEventID=389&GameID=0022400868&Season=2024-25&flag=1&title=Collins%2025%27%203PT%20Jump%20Shot%20(14%20PTS)%20(Jones%204%20AST);[{'player': '12', 'action': '3PT Shot', 'result': True, 'assisted': True, 'other_player': '30', 'color': 'red'}];1
https://www.nba.com/stats/events/?CFID=&CFPARAMS=&GameEventID=400&GameID=0022400368&Season=2024-25&flag=1&title=Gortman%20Free%20Throw%20Flagrant%202%20of%202%20(5%20PTS);[{'player': '00', 'action': 'Free Throw', 'result': True, 'assisted': False, 'other_player': None, 'color': 'white'}];1
https://www.nba.com/stats/events/?CFID=&CFPARAMS=&GameEventID=304&GameID=0022400870&Season=2024-25&flag=1&title=Carter%20Jr.%20Free%20Throw%202%20of%202%20(4%20PTS);[{'player': '34', 'action': 'Free Throw', 'result': True, 'assisted': False, 'other_player': None, 'color': 'white'}];1
https://www.nba.com/stats/events/?CFID=&CFPARAMS=&GameEventID=687&GameID=0022400861&Season=2024-25&flag=1&title=Harris%20Free%20Throw%202%20of%202%20(18%20PTS);[{'player': '12', 'action': 'Free Throw', 'result': True, 'assisted': False, 'other_player': None, 'color': 'black'}];1
https://www.nba.com/stats/events/?CFID=&CFPARAMS=&GameEventID=164&GameID=0022400860&Season=2024-25&flag=1&title=Holmes%20Free%20Throw%201%20of%202%20(3%20PTS);[{'player': '22', 'action': 'Free Throw', 'result': True, 'assisted': False, 'other_player': None, 'color': 'white'}];1
https://www.nba.com/stats/events/?CFID=&CFPARAMS=&GameEventID=604&GameID=0022400901&Season=2024-25&flag=1&title=Curry%2025%27%203PT%20Jump%20Shot%20(31%20PTS)%20(Butler%20III%206%20AST);[{'player': '30', 'action': '3PT Shot', 'result': True, 'assisted': True, 'other_player': '10', 'color': 'white'}];1
https://www.nba.com/stats/events/?CFID=&CFPARAMS=&GameEventID=128&GameID=0022401222&Season=2024-25&flag=1&title=Richards%20REBOUND%20(Off:0%20Def:2);[{'player': '9', 'action': 'Free Throw', 'result': False, 'assisted': False, 'other_player': None, 'color': 'white'}, {'player': '4', 'action': 'Rebound', 'result': None, 'assisted': None, 'other_player': None, 'color': 'blue'}];2
https://www.nba.com/stats/events/?CFID=&CFPARAMS=&GameEventID=449&GameID=0022400868&Season=2024-25&flag=1&title=Smith%2024%27%203PT%20Jump%20Shot%20(8%20PTS)%20(Giddey%203%20AST);[{'player': '7', 'action': '3PT Shot', 'result': True, 'assisted': True, 'other_player': '3', 'color': 'red'}];1
https://www.nba.com/stats/events/?CFID=&CFPARAMS=&GameEventID=446&GameID=0022400863&Season=2024-25&flag=1&title=Jackson%20Jr.%20Free%20Throw%202%20of%202%20(23%20PTS);[{'player': '13', 'action': 'Free Throw', 'result': True, 'assisted': False, 'other_player': None, 'color': 'red'}];1
https://www.nba.com/stats/events/?CFID=&CFPARAMS=&GameEventID=204&GameID=0022400885&Season=2024-25&flag=1&title=McBride%20Free%20Throw%201%20of%202%20(5%20PTS);[{'player': '2', 'action': 'Free Throw', 'result': True, 'assisted': False, 'other_player': None, 'color': 'white'}];1
https://www.nba.com/stats/events/?CFID=&CFPARAMS=&GameEventID=627&GameID=0022401228&Season=2024-25&flag=1&title=Kuminga%20REBOUND%20(Off:1%20Def:1);[{'player': '77', 'action': '3PT Shot', 'result': False, 'assisted': False, 'other_player': None, 'color': 'white'}, {'player': '00', 'action': 'Rebound', 'result': None, 'assisted': None, 'other_player': None, 'color': 'blue'}];2
https://www.nba.com/stats/events/?CFID=&CFPARAMS=&GameEventID=69&GameID=0022400868&Season=2024-25&flag=1&title=MISS%20Nesmith%203PT%20Running%20Jump%20Shot;[{'player': '23', 'action': '3PT Shot', 'result': False, 'assisted': False, 'other_player': None, 'color': 'blue'}];1
https://www.nba.com/stats/events/?CFID=&CFPARAMS=&GameEventID=170&GameID=0022401223&Season=2024-25&flag=1&title=Boucher%20Putback%20Layup%20(2%20PTS);[{'player': '14', 'action': '3PT Shot', 'result': False, 'assisted': False, 'other_player': None, 'color': 'red'}, {'player': '25', 'action': 'Rebound', 'result': None, 'assisted': None, 'other_player': None, 'color': 'red'}, {'player': '25', 'action': '2PT Shot', 'result': True, 'assisted': False, 'other_player': None, 'color': 'red'}];3
https://www.nba.com/stats/events/?CFID=&CFPARAMS=&GameEventID=219&GameID=0022400371&Season=2024-25&flag=1&title=Watson%20REBOUND%20(Off:1%20Def:1);[{'player': '17', 'action': '3PT Shot', 'result': False, 'assisted': False, 'other_player': None, 'color': 'black'}, {'player': '8', 'action': 'Rebound', 'result': None, 'assisted': None, 'other_player': None, 'color': 'white'}];2
https://www.nba.com/stats/events/?CFID=&CFPARAMS=&GameEventID=590&GameID=0022401223&Season=2024-25&flag=1&title=Phillips%20Free%20Throw%201%20of%201%20(10%20PTS);[{'player': '15', 'action': 'Free Throw', 'result': True, 'assisted': False, 'other_player': None, 'color': 'black'}];1
https://www.nba.com/stats/events/?CFID=&CFPARAMS=&GameEventID=458&GameID=0022400872&Season=2024-25&flag=1&title=George%20Free%20Throw%201%20of%203%20(11%20PTS);[{'player': '3', 'action': 'Free Throw', 'result': True, 'assisted': False, 'other_player': None, 'color': 'purple'}];1
https://www.nba.com/stats/events/?CFID=&CFPARAMS=&GameEventID=549&GameID=0022400366&Season=2024-25&flag=1&title=Anderson%2025%27%203PT%20Jump%20Shot%20(6%20PTS)%20(Podziemski%203%20AST);[{'player': '00', 'action': '2PT Shot', 'result': False, 'assisted': False, 'other_player': None, 'color': 'red'}, {'player': '2', 'action': 'Rebound', 'result': None, 'assisted': None, 'other_player': None, 'color': 'red'}, {'player': '1', 'action': '3PT Shot', 'result': True, 'assisted': True, 'other_player': '2', 'color': 'red'}];3
https://www.nba.com/stats/events/?CFID=&CFPARAMS=&GameEventID=196&GameID=0022401216&Season=2024-25&flag=1&title=McCollum%2027%27%203PT%20Jump%20Shot%20(3%20PTS)%20(Missi%201%20AST);[{'player': '3', 'action': '3PT Shot', 'result': True, 'assisted': True, 'other_player': '21', 'color': 'blue'}];1
https://www.nba.com/stats/events/?CFID=&CFPARAMS=&GameEventID=525&GameID=0022400869&Season=2024-25&flag=1&title=MISS%20Mitchell%20Free%20Throw%201%20of%202;[{'player': '23', 'action': 'Free Throw', 'result': False, 'assisted': False, 'other_player': None, 'color': 'white'}];1
https://www.nba.com/stats/events/?CFID=&CFPARAMS=&GameEventID=145&GameID=0022400862&Season=2024-25&flag=1&title=Lyles%20REBOUND%20(Off:1%20Def:0);[{'player': '10', 'action': '3PT Shot', 'result': False, 'assisted': False, 'other_player': None, 'color': 'black'}, {'player': '41', 'action': 'Rebound', 'result': None, 'assisted': None, 'other_player': None, 'color': 'black'}];2
https://www.nba.com/stats/events/?CFID=&CFPARAMS=&GameEventID=276&GameID=0022400870&Season=2024-25&flag=1&title=Banchero%20Free%20Throw%201%20of%202%20(5%20PTS);[{'player': '5', 'action': 'Free Throw', 'result': True, 'assisted': False, 'other_player': None, 'color': 'white'}];1
https://www.nba.com/stats/events/?CFID=&CFPARAMS=&GameEventID=310&GameID=0022401226&Season=2024-25&flag=1&title=Collins%20Free%20Throw%202%20of%202%20(6%20PTS);[{'player': '20', 'action': 'Free Throw', 'result': True, 'assisted': False, 'other_player': None, 'color': 'white'}];1
https://www.nba.com/stats/events/?CFID=&CFPARAMS=&GameEventID=644&GameID=0022400872&Season=2024-25&flag=1&title=MISS%20Brown%20Free%20Throw%201%20of%202;[{'player': '00', 'action': 'Free Throw', 'result': False, 'assisted': False, 'other_player': None, 'color': 'white'}];1
https://www.nba.com/stats/events/?CFID=&CFPARAMS=&GameEventID=441&GameID=0022400917&Season=2024-25&flag=1&title=Porter%20Jr.%20REBOUND%20(Off:0%20Def:1);[{'player': '0', 'action': '3PT Shot', 'result': False, 'assisted': False, 'other_player': None, 'color': 'black'}, {'player': '3', 'action': 'Rebound', 'result': None, 'assisted': None, 'other_player': None, 'color': 'white'}];2
https://www.nba.com/stats/events/?CFID=&CFPARAMS=&GameEventID=46&GameID=0022401216&Season=2024-25&flag=1&title=MISS%20Turner%20Free%20Throw%201%20of%202;[{'player': '33', 'action': 'Free Throw', 'result': False, 'assisted': False, 'other_player': None, 'color': 'white'}];1
https://www.nba.com/stats/events/?CFID=&CFPARAMS=&GameEventID=431&GameID=0022400917&Season=2024-25&flag=1&title=Kuzma%20Free%20Throw%202%20of%202%20(9%20PTS);[{'player': '18', 'action': 'Free Throw', 'result': True, 'assisted': False, 'other_player': None, 'color': 'white'}];1
https://www.nba.com/stats/events/?CFID=&CFPARAMS=&GameEventID=193&GameID=0022400397&Season=2024-25&flag=1&title=Payne%2027%27%203PT%20Running%20Jump%20Shot%20(8%20PTS)%20(McBride%201%20AST);[{'player': '4', 'action': 'Turnover', 'result': None, 'assisted': None, 'other_player': None, 'color': 'red'}, {'player': '2', 'action': 'Steal', 'result': None, 'assisted': None, 'other_player': None, 'color': 'white'}, {'player': '1', 'action': '3PT Shot', 'result': True, 'assisted': True, 'other_player': '2', 'color': 'white'}];3
https://www.nba.com/stats/events/?CFID=&CFPARAMS=&GameEventID=552&GameID=0022400374&Season=2024-25&flag=1&title=MISS%20Beauchamp%20Free%20Throw%201%20of%202;[{'player': '3', 'action': 'Free Throw', 'result': False, 'assisted': False, 'other_player': None, 'color': 'black'}];1
https://www.nba.com/stats/events/?CFID=&CFPARAMS=&GameEventID=609&GameID=0022401228&Season=2024-25&flag=1&title=Gafford%20REBOUND%20(Off:4%20Def:5);[{'player': '2', 'action': '3PT Shot', 'result': False, 'assisted': False, 'other_player': None, 'color': 'blue'}, {'player': '77', 'action': 'Block', 'result': None, 'assisted': None, 'other_player': None, 'color': 'white'}, {'player': '21', 'action': 'Rebound', 'result': None, 'assisted': None, 'other_player': None, 'color': 'white'}];3
https://www.nba.com/stats/events/?CFID=&CFPARAMS=&GameEventID=309&GameID=0022400952&Season=2024-25&flag=1&title=McDaniels%20REBOUND%20(Off:1%20Def:3);[{'player': '0', 'action': '3PT Shot', 'result': False, 'assisted': False, 'other_player': None, 'color': 'white'}, {'player': '3', 'action': 'Rebound', 'result': None, 'assisted': None, 'other_player': None, 'color': 'blue'}];2
https://www.nba.com/stats/events/?CFID=&CFPARAMS=&GameEventID=20&GameID=0022400368&Season=2024-25&flag=1&title=Washington%2025%27%203PT%20Pullup%20Jump%20Shot%20(3%20PTS)%20(Dinwiddie%201%20AST);[{'player': '25', 'action': '3PT Shot', 'result': True, 'assisted': True, 'other_player': '26', 'color': 'white'}];1
https://www.nba.com/stats/events/?CFID=&CFPARAMS=&GameEventID=265&GameID=0022400873&Season=2024-25&flag=1&title=Richards%20Free%20Throw%201%20of%202%20(3%20PTS);[{'player': '2', 'action': 'Free Throw', 'result': True, 'assisted': False, 'other_player': None, 'color': 'purple'}];1
https://www.nba.com/stats/events/?CFID=&CFPARAMS=&GameEventID=161&GameID=0022400926&Season=2024-25&flag=1&title=Beasley%20Out%20of%20Bounds%20-%20Bad%20Pass%20Turnover%20Turnover%20(P1.T3);[{'player': '5', 'action': '3PT Shot', 'result': False, 'assisted': False, 'other_player': None, 'color': 'white'}, {'player': '5', 'action': 'Rebound', 'result': None, 'assisted': None, 'other_player': None, 'color': 'blue'}, {'player': '5', 'action': 'Turnover', 'result': None, 'assisted': None, 'other_player': None, 'color': 'blue'}];3
https://www.nba.com/stats/events/?CFID=&CFPARAMS=&GameEventID=418&GameID=0022400378&Season=2024-25&flag=1&title=MISS%20Capela%20Free%20Throw%202%20of%202;[{'player': '15', 'action': 'Free Throw', 'result': False, 'assisted': False, 'other_player': None, 'color': 'white'}, {'player': '15', 'action': 'Free Throw', 'result': False, 'assisted': False, 'other_player': None, 'color': 'white'}];2
https://www.nba.com/stats/events/?CFID=&CFPARAMS=&GameEventID=624&GameID=0022400371&Season=2024-25&flag=1&title=Sharpe%20P.FOUL%20(P1.PN)%20(K.Scott);[{'player': '17', 'action': '3PT Shot', 'result': False, 'assisted': False, 'other_player': None, 'color': 'black'}, {'player': '9', 'action': 'Rebound', 'result': None, 'assisted': None, 'other_player': None, 'color': 'black'}, {'player': '2', 'action': '2PT Shot', 'result': False, 'assisted': False, 'other_player': None, 'color': 'black'}, {'player': '17', 'action': 'Foul', 'result': None, 'assisted': None, 'other_player': None, 'color': 'black'}];4
https://www.nba.com/stats/events/?CFID=&CFPARAMS=&GameEventID=576&GameID=0022401222&Season=2024-25&flag=1&title=Green%2027%27%203PT%20Jump%20Shot%20(10%20PTS)%20(Miller%204%20AST);[{'player': '10', 'action': '3PT Shot', 'result': True, 'assisted': True, 'other_player': '24', 'color': 'blue'}];1
https://www.nba.com/stats/events/?CFID=&CFPARAMS=&GameEventID=608&GameID=0022401219&Season=2024-25&flag=1&title=Avdija%20Free%20Throw%202%20of%202%20(17%20PTS);[{'player': '8', 'action': 'Free Throw', 'result': True, 'assisted': False, 'other_player': None, 'color': 'white'}];1
https://www.nba.com/stats/events/?CFID=&CFPARAMS=&GameEventID=437&GameID=0022400870&Season=2024-25&flag=1&title=Robinson%20REBOUND%20(Off:1%20Def:3);[{'player': '5', 'action': '3PT Shot', 'result': False, 'assisted': False, 'other_player': None, 'color': 'white'}, {'player': '21', 'action': 'Rebound', 'result': None, 'assisted': None, 'other_player': None, 'color': 'red'}];2
https://www.nba.com/stats/events/?CFID=&CFPARAMS=&GameEventID=480&GameID=0022400923&Season=2024-25&flag=1&title=Murphy%20III%2032%27%203PT%20Jump%20Shot%20(24%20PTS)%20(Robinson-Earl%201%20AST);[{'player': '25', 'action': '3PT Shot', 'result': True, 'assisted': True, 'other_player': '50', 'color': 'blue'}];1
https://www.nba.com/stats/events/?CFID=&CFPARAMS=&GameEventID=184&GameID=0022400384&Season=2024-25&flag=1&title=Towns%20L.B.FOUL%20(P3.T1)%20(J.Goble);[{'player': '2', 'action': '3PT Shot', 'result': False, 'assisted': False, 'other_player': None, 'color': 'blue'}, {'player': '32', 'action': 'Foul', 'result': None, 'assisted': None, 'other_player': None, 'color': 'blue'}];2
https://www.nba.com/stats/events/?CFID=&CFPARAMS=&GameEventID=280&GameID=0022400887&Season=2024-25&flag=1&title=Yabusele%20REBOUND%20(Off:2%20Def:3);[{'player': '8', 'action': '3PT Shot', 'result': False, 'assisted': False, 'other_player': None, 'color': 'white'}, {'player': '28', 'action': 'Rebound', 'result': None, 'assisted': None, 'other_player': None, 'color': 'white'}];2
https://www.nba.com/stats/events/?CFID=&CFPARAMS=&GameEventID=280&GameID=0022400384&Season=2024-25&flag=1&title=Boston%20REBOUND%20(Off:0%20Def:1);[{'player': '8', 'action': '3PT Shot', 'result': False, 'assisted': False, 'other_player': None, 'color': 'blue'}, {'player': '11', 'action': 'Rebound', 'result': None, 'assisted': None, 'other_player': None, 'color': 'red'}];2
https://www.nba.com/stats/events/?CFID=&CFPARAMS=&GameEventID=356&GameID=0022400368&Season=2024-25&flag=1&title=Lively%20II%20Free%20Throw%202%20of%202%20(11%20PTS);[{'player': '2', 'action': 'Free Throw', 'result': True, 'assisted': False, 'other_player': None, 'color': 'white'}];1
https://www.nba.com/stats/events/?CFID=&CFPARAMS=&GameEventID=780&GameID=0022400919&Season=2024-25&flag=1&title=Schroder%20Free%20Throw%201%20of%202%20(11%20PTS);[{'player': '17', 'action': 'Free Throw', 'result': True, 'assisted': False, 'other_player': None, 'color': 'blue'}];1
https://www.nba.com/stats/events/?CFID=&CFPARAMS=&GameEventID=274&GameID=0022400872&Season=2024-25&flag=1&title=Tshiebwe%20REBOUND%20(Off:1%20Def:4);[{'player': '13', 'action': '3PT Shot', 'result': False, 'assisted': False, 'other_player': None, 'color': 'white'}, {'player': '34', 'action': 'Rebound', 'result': None, 'assisted': None, 'other_player': None, 'color': 'purple'}];2
https://www.nba.com/stats/events/?CFID=&CFPARAMS=&GameEventID=233&GameID=0022400433&Season=2024-25&flag=1&title=Sensabaugh%2027%27%203PT%20Jump%20Shot%20(8%20PTS)%20(Collier%204%20AST);[{'player': '28', 'action': '3PT Shot', 'result': True, 'assisted': True, 'other_player': '13', 'color': 'purple'}];1
https://www.nba.com/stats/events/?CFID=&CFPARAMS=&GameEventID=116&GameID=0022400375&Season=2024-25&flag=1&title=Joe%2027%27%203PT%20Jump%20Shot%20(3%20PTS)%20(Hartenstein%201%20AST);[{'player': '11', 'action': '3PT Shot', 'result': True, 'assisted': True, 'other_player': '55', 'color': 'orange'}];1
https://www.nba.com/stats/events/?CFID=&CFPARAMS=&GameEventID=593&GameID=0022400366&Season=2024-25&flag=1&title=Aldama%2025%27%203PT%20Jump%20Shot%20(19%20PTS)%20(Konchar%202%20AST);[{'player': '7', 'action': '3PT Shot', 'result': True, 'assisted': True, 'other_player': '46', 'color': 'blue'}];1
https://www.nba.com/stats/events/?CFID=&CFPARAMS=&GameEventID=260&GameID=0022400873&Season=2024-25&flag=1&title=A.%20Edwards%2027%27%203PT%20Step%20Back%20Jump%20Shot%20(13%20PTS);[{'player': '5', 'action': '3PT Shot', 'result': True, 'assisted': False, 'other_player': None, 'color': 'white'}];1
https://www.nba.com/stats/events/?CFID=&CFPARAMS=&GameEventID=76&GameID=0022400905&Season=2024-25&flag=1&title=Lawson%203PT%20Jump%20Shot%20(3%20PTS)%20(Shead%201%20AST);[{'player': '0', 'action': '3PT Shot', 'result': True, 'assisted': True, 'other_player': '23', 'color': 'purple'}];1
https://www.nba.com/stats/events/?CFID=&CFPARAMS=&GameEventID=113&GameID=0022400398&Season=2024-25&flag=1&title=Trent%20Jr.%20REBOUND%20(Off:0%20Def:1);[{'player': '21', 'action': '3PT Shot', 'result': False, 'assisted': False, 'other_player': None, 'color': 'green'}, {'player': '5', 'action': 'Rebound', 'result': None, 'assisted': None, 'other_player': None, 'color': 'green'}];2
https://www.nba.com/stats/events/?CFID=&CFPARAMS=&GameEventID=401&GameID=0022400886&Season=2024-25&flag=1&title=Mitchell%20Free%20Throw%202%20of%202%20(18%20PTS);[{'player': '45', 'action': 'Free Throw', 'result': True, 'assisted': False, 'other_player': None, 'color': 'black'}];1
https://www.nba.com/stats/events/?CFID=&CFPARAMS=&GameEventID=536&GameID=0022400371&Season=2024-25&flag=1&title=Murray%20Free%20Throw%201%20of%202%20(15%20PTS);[{'player': '27', 'action': 'Free Throw', 'result': True, 'assisted': False, 'other_player': None, 'color': 'white'}];1
https://www.nba.com/stats/events/?CFID=&CFPARAMS=&GameEventID=313&GameID=0022400866&Season=2024-25&flag=1&title=MISS%20Tatum%20Free%20Throw%20Technical;[{'player': '0', 'action': 'Free Throw', 'result': False, 'assisted': False, 'other_player': None, 'color': 'green'}];1
https://www.nba.com/stats/events/?CFID=&CFPARAMS=&GameEventID=654&GameID=0062400001&Season=2024-25&flag=1&title=MISS%20Mitchell%20Free%20Throw%202%20of%202;[{'player': '25', 'action': 'Free Throw', 'result': False, 'assisted': False, 'other_player': None, 'color': 'orange'}];1
https://www.nba.com/stats/events/?CFID=&CFPARAMS=&GameEventID=350&GameID=0022400398&Season=2024-25&flag=1&title=Portis%20Free%20Throw%201%20of%202%20(11%20PTS);[{'player': '9', 'action': 'Free Throw', 'result': True, 'assisted': False, 'other_player': None, 'color': 'green'}];1
https://www.nba.com/stats/events/?CFID=&CFPARAMS=&GameEventID=335&GameID=0062400001&Season=2024-25&flag=1&title=Antetokounmpo%20Traveling%20Turnover%20(P2.T8);[{'player': '2', 'action': '3PT Shot', 'result': False, 'assisted': False, 'other_player': None, 'color': 'orange'}, {'player': '34', 'action': 'Rebound', 'result': None, 'assisted': None, 'other_player': None, 'color': 'black'}, {'player': '34', 'action': 'Turnover', 'result': None, 'assisted': None, 'other_player': None, 'color': 'black'}];3
https://www.nba.com/stats/events/?CFID=&CFPARAMS=&GameEventID=608&GameID=0022400917&Season=2024-25&flag=1&title=Antetokounmpo%20Free%20Throw%201%20of%201%20(37%20PTS);[{'player': '34', 'action': 'Free Throw', 'result': True, 'assisted': False, 'other_player': None, 'color': 'white'}];1
https://www.nba.com/stats/events/?CFID=&CFPARAMS=&GameEventID=710&GameID=0022401220&Season=2024-25&flag=1&title=Jackson%20Jr.%20P.FOUL%20(P6.PN)%20(S.Twardoski);[{'player': '12', 'action': '3PT Shot', 'result': False, 'assisted': False, 'other_player': None, 'color': 'blue'}, {'player': '3', 'action': 'Rebound', 'result': None, 'assisted': None, 'other_player': None, 'color': 'white'}, {'player': '13', 'action': 'Foul', 'result': None, 'assisted': None, 'other_player': None, 'color': 'blue'}];3
https://www.nba.com/stats/events/?CFID=&CFPARAMS=&GameEventID=322&GameID=0022400402&Season=2024-25&flag=1&title=Porter%20Jr.%20Free%20Throw%201%20of%201%20(17%20PTS);[{'player': '1', 'action': 'Free Throw', 'result': True, 'assisted': False, 'other_player': None, 'color': 'white'}];1
https://www.nba.com/stats/events/?CFID=&CFPARAMS=&GameEventID=18&GameID=0022401218&Season=2024-25&flag=1&title=Champagnie%20REBOUND%20(Off:0%20Def:1);[{'player': '5', 'action': '3PT Shot', 'result': False, 'assisted': False, 'other_player': None, 'color': 'green'}, {'player': '30', 'action': 'Rebound', 'result': None, 'assisted': None, 'other_player': None, 'color': 'white'}];2
https://www.nba.com/stats/events/?CFID=&CFPARAMS=&GameEventID=720&GameID=0022400926&Season=2024-25&flag=1&title=Schr%C3%B6der%20Free%20Throw%201%20of%202%20(11%20PTS);[{'player': '17', 'action': 'Free Throw', 'result': True, 'assisted': False, 'other_player': None, 'color': 'blue'}];1
https://www.nba.com/stats/events/?CFID=&CFPARAMS=&GameEventID=462&GameID=0022400398&Season=2024-25&flag=1&title=MISS%20Prince%2052%27%203PT%20Pullup%20Jump%20Shot;[{'player': '12', 'action': '3PT Shot', 'result': False, 'assisted': False, 'other_player': None, 'color': 'green'}];1
https://www.nba.com/stats/events/?CFID=&CFPARAMS=&GameEventID=162&GameID=0022400863&Season=2024-25&flag=1&title=MISS%20Castle%2032%27%203PT%20Pullup%20Jump%20Shot;[{'player': '5', 'action': '3PT Shot', 'result': False, 'assisted': False, 'other_player': None, 'color': 'black'}];1
https://www.nba.com/stats/events/?CFID=&CFPARAMS=&GameEventID=293&GameID=0022400917&Season=2024-25&flag=1&title=Anthony%20P.FOUL%20(P2.PN)%20(N.Buchert);[{'player': '5', 'action': '3PT Shot', 'result': False, 'assisted': False, 'other_player': None, 'color': 'black'}, {'player': '0', 'action': 'Rebound', 'result': None, 'assisted': None, 'other_player': None, 'color': 'white'}, {'player': '0', 'action': 'Foul', 'result': None, 'assisted': None, 'other_player': None, 'color': 'black'}];3
https://www.nba.com/stats/events/?CFID=&CFPARAMS=&GameEventID=325&GameID=0022401220&Season=2024-25&flag=1&title=L.%20James%20Free%20Throw%201%20of%202%20(8%20PTS);[{'player': '23', 'action': 'Free Throw', 'result': True, 'assisted': False, 'other_player': None, 'color': 'white'}];1
https://www.nba.com/stats/events/?CFID=&CFPARAMS=&GameEventID=296&GameID=0022400910&Season=2024-25&flag=1&title=Ellis%20REBOUND%20(Off:1%20Def:1);[{'player': '13', 'action': '3PT Shot', 'result': False, 'assisted': False, 'other_player': None, 'color': 'black'}, {'player': '23', 'action': 'Rebound', 'result': None, 'assisted': None, 'other_player': None, 'color': 'black'}];2
https://www.nba.com/stats/events/?CFID=&CFPARAMS=&GameEventID=177&GameID=0022400868&Season=2024-25&flag=1&title=MISS%20Siakam%20Free%20Throw%201%20of%202;[{'player': '43', 'action': 'Free Throw', 'result': False, 'assisted': False, 'other_player': None, 'color': 'blue'}];1
https://www.nba.com/stats/events/?CFID=&CFPARAMS=&GameEventID=436&GameID=0022401221&Season=2024-25&flag=1&title=Reed%20REBOUND%20(Off:0%20Def:1);[{'player': '14', 'action': '3PT Shot', 'result': False, 'assisted': False, 'other_player': None, 'color': 'red'}, {'player': '7', 'action': 'Rebound', 'result': None, 'assisted': None, 'other_player': None, 'color': 'blue'}];2
https://www.nba.com/stats/events/?CFID=&CFPARAMS=&GameEventID=649&GameID=0022401222&Season=2024-25&flag=1&title=Wong%2025%27%203PT%20Pullup%20Jump%20Shot%20(7%20PTS);[{'player': '21', 'action': '3PT Shot', 'result': True, 'assisted': False, 'other_player': None, 'color': 'blue'}];1
https://www.nba.com/stats/events/?CFID=&CFPARAMS=&GameEventID=148&GameID=0022400865&Season=2024-25&flag=1&title=Green%20Free%20Throw%202%20of%203%20(2%20PTS);[{'player': '20', 'action': 'Free Throw', 'result': True, 'assisted': False, 'other_player': None, 'color': 'green'}];1
https://www.nba.com/stats/events/?CFID=&CFPARAMS=&GameEventID=437&GameID=0022400952&Season=2024-25&flag=1&title=Murray%20L.B.FOUL%20(P2.T4)%20(C.Blair);[{'player': '0', 'action': '3PT Shot', 'result': False, 'assisted': False, 'other_player': None, 'color': 'blue'}, {'player': '27', 'action': 'Foul', 'result': None, 'assisted': None, 'other_player': None, 'color': 'white'}];2
https://www.nba.com/stats/events/?CFID=&CFPARAMS=&GameEventID=381&GameID=0022400884&Season=2024-25&flag=1&title=Risacher%20Running%20Layup%20(7%20PTS)%20(Daniels%206%20AST);[{'player': '12', 'action': '3PT Shot', 'result': False, 'assisted': False, 'other_player': None, 'color': 'white'}, {'player': '5', 'action': 'Rebound', 'result': None, 'assisted': None, 'other_player': None, 'color': 'red'}, {'player': '10', 'action': '2PT Shot', 'result': True, 'assisted': True, 'other_player': '5', 'color': 'red'}];3
https://www.nba.com/stats/events/?CFID=&CFPARAMS=&GameEventID=253&GameID=0022400872&Season=2024-25&flag=1&title=Tshiebwe%20REBOUND%20(Off:1%20Def:3);[{'player': '25', 'action': '3PT Shot', 'result': False, 'assisted': False, 'other_player': None, 'color': 'white'}, {'player': '34', 'action': 'Rebound', 'result': None, 'assisted': None, 'other_player': None, 'color': 'purple'}];2
https://www.nba.com/stats/events/?CFID=&CFPARAMS=&GameEventID=345&GameID=0022400926&Season=2024-25&flag=1&title=Grant%2028%27%203PT%20Jump%20Shot%20(17%20PTS)%20(Camara%205%20AST);[{'player': '1', 'action': '3PT Shot', 'result': False, 'assisted': False, 'other_player': None, 'color': 'white'}, {'player': '33', 'action': 'Rebound', 'result': None, 'assisted': None, 'other_player': None, 'color': 'white'}, {'player': '9', 'action': '3PT Shot', 'result': True, 'assisted': True, 'other_player': '33', 'color': 'white'}];3
https://www.nba.com/stats/events/?CFID=&CFPARAMS=&GameEventID=379&GameID=0022400871&Season=2024-25&flag=1&title=Hartenstein%20REBOUND%20(Off:1%20Def:6);[{'player': '24', 'action': '3PT Shot', 'result': False, 'assisted': False, 'other_player': None, 'color': 'black'}, {'player': '55', 'action': 'Rebound', 'result': None, 'assisted': None, 'other_player': None, 'color': 'blue'}];2
https://www.nba.com/stats/events/?CFID=&CFPARAMS=&GameEventID=639&GameID=0022400901&Season=2024-25&flag=1&title=K.%20Johnson%2024%27%203PT%20Jump%20Shot%20(12%20PTS)%20(Thomas%206%20AST);[{'player': '45', 'action': '3PT Shot', 'result': True, 'assisted': True, 'other_player': '24', 'color': 'black'}];1
https://www.nba.com/stats/events/?CFID=&CFPARAMS=&GameEventID=312&GameID=0022400923&Season=2024-25&flag=1&title=Huff%2027%27%203PT%20Jump%20Shot%20(6%20PTS)%20(Morant%204%20AST);[{'player': '13', 'action': '3PT Shot', 'result': False, 'assisted': False, 'other_player': None, 'color': 'white'}, {'player': '21', 'action': 'Rebound', 'result': None, 'assisted': None, 'other_player': None, 'color': 'blue'}, {'player': '21', 'action': 'Turnover', 'result': None, 'assisted': None, 'other_player': None, 'color': 'blue'}, {'player': '22', 'action': 'Steal', 'result': None, 'assisted': None, 'other_player': None, 'color': 'white'}, {'player': '30', 'action': '3PT Shot', 'result': True, 'assisted': True, 'other_player': '12', 'color': 'white'}];5
https://www.nba.com/stats/events/?CFID=&CFPARAMS=&GameEventID=423&GameID=0022400901&Season=2024-25&flag=1&title=Wilson%20REBOUND%20(Off:0%20Def:3);[{'player': '7', 'action': '3PT Shot', 'result': False, 'assisted': False, 'other_player': None, 'color': 'white'}, {'player': '22', 'action': 'Rebound', 'result': None, 'assisted': None, 'other_player': None, 'color': 'black'}];2
https://www.nba.com/stats/events/?CFID=&CFPARAMS=&GameEventID=683&GameID=0022400366&Season=2024-25&flag=1&title=Anderson%2025%27%203PT%20Jump%20Shot%20(11%20PTS)%20(Podziemski%206%20AST);[{'player': '1', 'action': '3PT Shot', 'result': True, 'assisted': True, 'other_player': '2', 'color': 'red'}];1
https://www.nba.com/stats/events/?CFID=&CFPARAMS=&GameEventID=454&GameID=0022401222&Season=2024-25&flag=1&title=Maxey%2030%27%203PT%20Running%20Jump%20Shot%20(28%20PTS)%20(George%207%20AST);[{'player': '0', 'action': '3PT Shot', 'result': True, 'assisted': True, 'other_player': '8', 'color': 'white'}];1
https://www.nba.com/stats/events/?CFID=&CFPARAMS=&GameEventID=617&GameID=0022400378&Season=2024-25&flag=1&title=Bane%20REBOUND%20(Off:0%20Def:5);[{'player': '12', 'action': '3PT Shot', 'result': False, 'assisted': False, 'other_player': None, 'color': 'white'}, {'player': '22', 'action': 'Rebound', 'result': None, 'assisted': None, 'other_player': None, 'color': 'blue'}];2
https://www.nba.com/stats/events/?CFID=&CFPARAMS=&GameEventID=616&GameID=0022401225&Season=2024-25&flag=1&title=I.%20Jones%20REBOUND%20(Off:0%20Def:1);[{'player': '3', 'action': '3PT Shot', 'result': False, 'assisted': False, 'other_player': None, 'color': 'white'}, {'player': '3', 'action': 'Rebound', 'result': None, 'assisted': None, 'other_player': None, 'color': 'black'}];2
https://www.nba.com/stats/events/?CFID=&CFPARAMS=&GameEventID=506&GameID=0022400378&Season=2024-25&flag=1&title=Bogdanovic%20Free%20Throw%202%20of%202%20(2%20PTS);[{'player': '13', 'action': 'Free Throw', 'result': True, 'assisted': False, 'other_player': None, 'color': 'white'}];1
https://www.nba.com/stats/events/?CFID=&CFPARAMS=&GameEventID=610&GameID=0022400866&Season=2024-25&flag=1&title=Horford%20Free%20Throw%202%20of%202%20(19%20PTS);[{'player': '42', 'action': 'Free Throw', 'result': True, 'assisted': False, 'other_player': None, 'color': 'green'}];1
https://www.nba.com/stats/events/?CFID=&CFPARAMS=&GameEventID=189&GameID=0022400378&Season=2024-25&flag=1&title=Kennard%20REBOUND%20(Off:0%20Def:2);[{'player': '1', 'action': '3PT Shot', 'result': False, 'assisted': False, 'other_player': None, 'color': 'white'}, {'player': '10', 'action': 'Rebound', 'result': None, 'assisted': None, 'other_player': None, 'color': 'blue'}];2
https://www.nba.com/stats/events/?CFID=&CFPARAMS=&GameEventID=372&GameID=0022401217&Season=2024-25&flag=1&title=Celtics%20Rebound;[{'player': '0', 'action': '3PT Shot', 'result': False, 'assisted': False, 'other_player': None, 'color': 'gray'}];1
https://www.nba.com/stats/events/?CFID=&CFPARAMS=&GameEventID=716&GameID=0022400919&Season=2024-25&flag=1&title=Cunningham%20Free%20Throw%202%20of%202%20(27%20PTS);[{'player': '2', 'action': 'Free Throw', 'result': True, 'assisted': False, 'other_player': None, 'color': 'blue'}];1
https://www.nba.com/stats/events/?CFID=&CFPARAMS=&GameEventID=526&GameID=0022400952&Season=2024-25&flag=1&title=Randle%2026%27%203PT%20Running%20Jump%20Shot%20(25%20PTS)%20(Conley%205%20AST);[{'player': '30', 'action': '3PT Shot', 'result': True, 'assisted': True, 'other_player': '10', 'color': 'blue'}];1
https://www.nba.com/stats/events/?CFID=&CFPARAMS=&GameEventID=54&GameID=0022400923&Season=2024-25&flag=1&title=Missi%20Free%20Throw%201%20of%201%20(5%20PTS);[{'player': '21', 'action': 'Free Throw', 'result': True, 'assisted': False, 'other_player': None, 'color': 'blue'}];1
https://www.nba.com/stats/events/?CFID=&CFPARAMS=&GameEventID=353&GameID=0022400367&Season=2024-25&flag=1&title=Achiuwa%20REBOUND%20(Off:1%20Def:5);[{'player': '27', 'action': 'Free Throw', 'result': False, 'assisted': False, 'other_player': None, 'color': 'white'}, {'player': '5', 'action': 'Rebound', 'result': None, 'assisted': None, 'other_player': None, 'color': 'blue'}];2
https://www.nba.com/stats/events/?CFID=&CFPARAMS=&GameEventID=461&GameID=0022400860&Season=2024-25&flag=1&title=MISS%20Kispert%2027%27%203PT%20Pullup%20Jump%20Shot;[{'player': '24', 'action': '3PT Shot', 'result': False, 'assisted': False, 'other_player': None, 'color': 'white'}];1
https://www.nba.com/stats/events/?CFID=&CFPARAMS=&GameEventID=200&GameID=0022400894&Season=2024-25&flag=1&title=Potter%20REBOUND%20(Off:1%20Def:1);[{'player': '00', 'action': '3PT Shot', 'result': False, 'assisted': False, 'other_player': None, 'color': 'blue'}, {'player': '25', 'action': 'Rebound', 'result': None, 'assisted': None, 'other_player': None, 'color': 'white'}];2
https://www.nba.com/stats/events/?CFID=&CFPARAMS=&GameEventID=329&GameID=0022401221&Season=2024-25&flag=1&title=Reed%20Free%20Throw%202%20of%202%20(2%20PTS);[{'player': '7', 'action': 'Free Throw', 'result': True, 'assisted': False, 'other_player': None, 'color': 'blue'}];1
https://www.nba.com/stats/events/?CFID=&CFPARAMS=&GameEventID=486&GameID=0022400867&Season=2024-25&flag=1&title=Jerome%20Free%20Throw%202%20of%202%20(9%20PTS);[{'player': '2', 'action': 'Free Throw', 'result': True, 'assisted': False, 'other_player': None, 'color': 'white'}];1
https://www.nba.com/stats/events/?CFID=&CFPARAMS=&GameEventID=17&GameID=0022400863&Season=2024-25&flag=1&title=Barnes%203PT%20Jump%20Shot%20(3%20PTS)%20(Fox%201%20AST);[{'player': '40', 'action': '3PT Shot', 'result': True, 'assisted': True, 'other_player': '4', 'color': 'black'}];1
https://www.nba.com/stats/events/?CFID=&CFPARAMS=&GameEventID=621&GameID=0022400367&Season=2024-25&flag=1&title=MISS%20Hukporti%20Free%20Throw%201%20of%202;[{'player': '55', 'action': 'Free Throw', 'result': False, 'assisted': False, 'other_player': None, 'color': 'blue'}];1
https://www.nba.com/stats/events/?CFID=&CFPARAMS=&GameEventID=580&GameID=0022400866&Season=2024-25&flag=1&title=Braun%20REBOUND%20(Off:0%20Def:6);[{'player': '0', 'action': '3PT Shot', 'result': False, 'assisted': False, 'other_player': None, 'color': 'green'}, {'player': '0', 'action': 'Rebound', 'result': None, 'assisted': None, 'other_player': None, 'color': 'white'}];2
https://www.nba.com/stats/events/?CFID=&CFPARAMS=&GameEventID=106&GameID=0022400382&Season=2024-25&flag=1&title=Poole%2028%27%203PT%20Pullup%20Jump%20Shot%20(10%20PTS);[{'player': '13', 'action': '3PT Shot', 'result': True, 'assisted': False, 'other_player': None, 'color': 'white'}];1
https://www.nba.com/stats/events/?CFID=&CFPARAMS=&GameEventID=609&GameID=0022400866&Season=2024-25&flag=1&title=Horford%20Free%20Throw%201%20of%202%20(18%20PTS);[{'player': '42', 'action': 'Free Throw', 'result': True, 'assisted': False, 'other_player': None, 'color': 'green'}];1
https://www.nba.com/stats/events/?CFID=&CFPARAMS=&GameEventID=661&GameID=0022400869&Season=2024-25&flag=1&title=Towns%20REBOUND%20(Off:4%20Def:12);[{'player': '13', 'action': '3PT Shot', 'result': False, 'assisted': False, 'other_player': None, 'color': 'black'}, {'player': '32', 'action': 'Rebound', 'result': None, 'assisted': None, 'other_player': None, 'color': 'white'}];2
https://www.nba.com/stats/events/?CFID=&CFPARAMS=&GameEventID=366&GameID=0022400894&Season=2024-25&flag=1&title=Filipowski%20REBOUND%20(Off:2%20Def:5);[{'player': '20', 'action': 'Free Throw', 'result': False, 'assisted': False, 'other_player': None, 'color': 'blue'}, {'player': '22', 'action': 'Rebound', 'result': None, 'assisted': None, 'other_player': None, 'color': 'white'}];2
https://www.nba.com/stats/events/?CFID=&CFPARAMS=&GameEventID=695&GameID=0022400867&Season=2024-25&flag=1&title=Strus%20REBOUND%20(Off:2%20Def:5);[{'player': '17', 'action': '3PT Shot', 'result': False, 'assisted': False, 'other_player': None, 'color': 'red'}, {'player': '1', 'action': 'Rebound', 'result': None, 'assisted': None, 'other_player': None, 'color': 'white'}];2
https://www.nba.com/stats/events/?CFID=&CFPARAMS=&GameEventID=197&GameID=0022400898&Season=2024-25&flag=1&title=Zubac%20REBOUND%20(Off:0%20Def:3);[{'player': '19', 'action': '3PT Shot', 'result': False, 'assisted': False, 'other_player': None, 'color': 'white'}, {'player': '40', 'action': 'Rebound', 'result': None, 'assisted': None, 'other_player': None, 'color': 'blue'}];2
https://www.nba.com/stats/events/?CFID=&CFPARAMS=&GameEventID=127&GameID=0022400382&Season=2024-25&flag=1&title=Portis%2025%27%203PT%20Jump%20Shot%20(13%20PTS)%20(Green%203%20AST);[{'player': '9', 'action': '3PT Shot', 'result': True, 'assisted': True, 'other_player': '20', 'color': 'green'}];1
https://www.nba.com/stats/events/?CFID=&CFPARAMS=&GameEventID=340&GameID=0022400879&Season=2024-25&flag=1&title=Smith%20Jr.%2025%27%203PT%20Jump%20Shot%20(11%20PTS)%20(Sheppard%203%20AST);[{'player': '10', 'action': '3PT Shot', 'result': True, 'assisted': True, 'other_player': '15', 'color': 'black'}];1
https://www.nba.com/stats/events/?CFID=&CFPARAMS=&GameEventID=47&GameID=0022400863&Season=2024-25&flag=1&title=Aldama%2025%27%203PT%20Jump%20Shot%20(3%20PTS)%20(Pippen%20Jr.%202%20AST);[{'player': '7', 'action': '3PT Shot', 'result': True, 'assisted': True, 'other_player': '1', 'color': 'red'}];1
https://www.nba.com/stats/events/?CFID=&CFPARAMS=&GameEventID=281&GameID=0022401220&Season=2024-25&flag=1&title=Reaves%2026%27%203PT%20Pullup%20Jump%20Shot%20(10%20PTS)%20(Davis%201%20AST);[{'player': '15', 'action': '3PT Shot', 'result': True, 'assisted': True, 'other_player': '3', 'color': 'white'}];1
https://www.nba.com/stats/events/?CFID=&CFPARAMS=&GameEventID=33&GameID=0022400862&Season=2024-25&flag=1&title=Kings%20Rebound;[{'player': '5', 'action': '3PT Shot', 'result': False, 'assisted': False, 'other_player': None, 'color': 'red'}];1
https://www.nba.com/stats/events/?CFID=&CFPARAMS=&GameEventID=352&GameID=0022400394&Season=2024-25&flag=1&title=Wembanyama%2028%27%203PT%20Jump%20Shot%20(15%20PTS)%20(Sochan%203%20AST);[{'player': '1', 'action': '3PT Shot', 'result': True, 'assisted': True, 'other_player': '10', 'color': 'black'}];1
https://www.nba.com/stats/events/?CFID=&CFPARAMS=&GameEventID=130&GameID=0022400398&Season=2024-25&flag=1&title=Green%20Free%20Throw%201%20of%203%20(1%20PTS);[{'player': '20', 'action': 'Free Throw', 'result': True, 'assisted': False, 'other_player': None, 'color': 'green'}];1
https://www.nba.com/stats/events/?CFID=&CFPARAMS=&GameEventID=141&GameID=0022400397&Season=2024-25&flag=1&title=Boucher%2026%27%203PT%20Jump%20Shot%20(6%20PTS)%20(Olynyk%201%20AST);[{'player': '25', 'action': '3PT Shot', 'result': True, 'assisted': True, 'other_player': '41', 'color': 'red'}];1
https://www.nba.com/stats/events/?CFID=&CFPARAMS=&GameEventID=603&GameID=0022400923&Season=2024-25&flag=1&title=Alvarado%20Free%20Throw%20Flagrant%202%20of%202%20(11%20PTS);[{'player': '15', 'action': 'Free Throw', 'result': True, 'assisted': False, 'other_player': None, 'color': 'blue'}];1
https://www.nba.com/stats/events/?CFID=&CFPARAMS=&GameEventID=221&GameID=0022400905&Season=2024-25&flag=1&title=Robinson%20REBOUND%20(Off:0%20Def:3);[{'player': '3', 'action': '3PT Shot', 'result': False, 'assisted': False, 'other_player': None, 'color': 'white'}, {'player': '21', 'action': 'Rebound', 'result': None, 'assisted': None, 'other_player': None, 'color': 'purple'}];2
https://www.nba.com/stats/events/?CFID=&CFPARAMS=&GameEventID=607&GameID=0022400868&Season=2024-25&flag=1&title=Nembhard%2024%27%203PT%20Jump%20Shot%20(11%20PTS)%20(Siakam%204%20AST);[{'player': '2', 'action': '3PT Shot', 'result': True, 'assisted': True, 'other_player': '43', 'color': 'blue'}];1
https://www.nba.com/stats/events/?CFID=&CFPARAMS=&GameEventID=534&GameID=0022401218&Season=2024-25&flag=1&title=SPURS%20Rebound;[{'player': '5', 'action': '3PT Shot', 'result': False, 'assisted': False, 'other_player': None, 'color': 'white'}];1
https://www.nba.com/stats/events/?CFID=&CFPARAMS=&GameEventID=18&GameID=0022400384&Season=2024-25&flag=1&title=Missi%20REBOUND%20(Off:3%20Def:0);[{'player': '3', 'action': '3PT Shot', 'result': False, 'assisted': False, 'other_player': None, 'color': 'red'}, {'player': '21', 'action': 'Rebound', 'result': None, 'assisted': None, 'other_player': None, 'color': 'red'}];2
https://www.nba.com/stats/events/?CFID=&CFPARAMS=&GameEventID=466&GameID=0022400919&Season=2024-25&flag=1&title=Cunningham%20Free%20Throw%202%20of%202%20(9%20PTS);[{'player': '2', 'action': 'Free Throw', 'result': True, 'assisted': False, 'other_player': None, 'color': 'blue'}];1
https://www.nba.com/stats/events/?CFID=&CFPARAMS=&GameEventID=246&GameID=0022400367&Season=2024-25&flag=1&title=Towns%20Free%20Throw%201%20of%201%20(16%20PTS);[{'player': '32', 'action': 'Free Throw', 'result': True, 'assisted': False, 'other_player': None, 'color': 'blue'}];1
https://www.nba.com/stats/events/?CFID=&CFPARAMS=&GameEventID=461&GameID=0022400926&Season=2024-25&flag=1&title=Henderson%20Free%20Throw%202%20of%202%20(11%20PTS);[{'player': '00', 'action': 'Free Throw', 'result': True, 'assisted': False, 'other_player': None, 'color': 'white'}];1
https://www.nba.com/stats/events/?CFID=&CFPARAMS=&GameEventID=602&GameID=0022400901&Season=2024-25&flag=1&title=C.%20Johnson%20Free%20Throw%201%20of%202%20(17%20PTS);[{'player': '2', 'action': 'Free Throw', 'result': True, 'assisted': False, 'other_player': None, 'color': 'black'}];1
https://www.nba.com/stats/events/?CFID=&CFPARAMS=&GameEventID=179&GameID=0022400926&Season=2024-25&flag=1&title=TRAIL%20BLAZERS%20Turnover:%20Shot%20Clock%20(T#5);[{'player': '1', 'action': '3PT Shot', 'result': False, 'assisted': False, 'other_player': None, 'color': 'white'}];1
https://www.nba.com/stats/events/?CFID=&CFPARAMS=&GameEventID=73&GameID=0022400874&Season=2024-25&flag=1&title=MISS%20Harden%2025%27%203PT%20Step%20Back%20Jump%20Shot;[{'player': '1', 'action': '3PT Shot', 'result': False, 'assisted': False, 'other_player': None, 'color': 'blue'}];1
https://www.nba.com/stats/events/?CFID=&CFPARAMS=&GameEventID=168&GameID=0022400867&Season=2024-25&flag=1&title=Simons%20Free%20Throw%20Technical%20(1%20PTS);[{'player': '1', 'action': 'Free Throw', 'result': True, 'assisted': False, 'other_player': None, 'color': 'red'}];1
https://www.nba.com/stats/events/?CFID=&CFPARAMS=&GameEventID=626&GameID=0022400398&Season=2024-25&flag=1&title=Duarte%20REBOUND%20(Off:0%20Def:2);[{'player': '17', 'action': '3PT Shot', 'result': False, 'assisted': False, 'other_player': None, 'color': 'green'}, {'player': '8', 'action': 'Rebound', 'result': None, 'assisted': None, 'other_player': None, 'color': 'white'}];2
https://www.nba.com/stats/events/?CFID=&CFPARAMS=&GameEventID=712&GameID=0022401223&Season=2024-25&flag=1&title=Dick%20REBOUND%20(Off:1%20Def:5);[{'player': '11', 'action': '3PT Shot', 'result': False, 'assisted': False, 'other_player': None, 'color': 'black'}, {'player': '1', 'action': 'Rebound', 'result': None, 'assisted': None, 'other_player': None, 'color': 'red'}];2
https://www.nba.com/stats/events/?CFID=&CFPARAMS=&GameEventID=597&GameID=0022400366&Season=2024-25&flag=1&title=LaRavia%2025%27%203PT%20Jump%20Shot%20(19%20PTS)%20(Aldama%203%20AST);[{'player': '3', 'action': '3PT Shot', 'result': True, 'assisted': True, 'other_player': '7', 'color': 'blue'}];1
https://www.nba.com/stats/events/?CFID=&CFPARAMS=&GameEventID=385&GameID=0022400887&Season=2024-25&flag=1&title=Yabusele%20REBOUND%20(Off:2%20Def:4);[{'player': '30', 'action': '3PT Shot', 'result': False, 'assisted': False, 'other_player': None, 'color': 'blue'}, {'player': '28', 'action': 'Rebound', 'result': None, 'assisted': None, 'other_player': None, 'color': 'white'}];2
https://www.nba.com/stats/events/?CFID=&CFPARAMS=&GameEventID=274&GameID=0022400865&Season=2024-25&flag=1&title=Prince%203PT%20Jump%20Shot%20(5%20PTS)%20(Antetokounmpo%205%20AST);[{'player': '12', 'action': '3PT Shot', 'result': True, 'assisted': True, 'other_player': '34', 'color': 'green'}];1
https://www.nba.com/stats/events/?CFID=&CFPARAMS=&GameEventID=207&GameID=0022400860&Season=2024-25&flag=1&title=Kispert%20REBOUND%20(Off:0%20Def:2);[{'player': '24', 'action': 'Turnover', 'result': None, 'assisted': None, 'other_player': None, 'color': 'white'}, {'player': '7', 'action': 'Steal', 'result': None, 'assisted': None, 'other_player': None, 'color': 'blue'}, {'player': '8', 'action': '3PT Shot', 'result': False, 'assisted': False, 'other_player': None, 'color': 'blue'}, {'player': '24', 'action': 'Rebound', 'result': None, 'assisted': None, 'other_player': None, 'color': 'white'}];4
https://www.nba.com/stats/events/?CFID=&CFPARAMS=&GameEventID=309&GameID=0022400861&Season=2024-25&flag=1&title=Duren%20REBOUND%20(Off:1%20Def:8);[{'player': '2', 'action': '3PT Shot', 'result': False, 'assisted': False, 'other_player': None, 'color': 'white'}, {'player': '0', 'action': 'Rebound', 'result': None, 'assisted': None, 'other_player': None, 'color': 'black'}];2
https://www.nba.com/stats/events/?CFID=&CFPARAMS=&GameEventID=329&GameID=0022401217&Season=2024-25&flag=1&title=Champagnie%20REBOUND%20(Off:2%20Def:5);[{'player': '40', 'action': 'Free Throw', 'result': False, 'assisted': False, 'other_player': None, 'color': 'green'}, {'player': '9', 'action': 'Rebound', 'result': None, 'assisted': None, 'other_player': None, 'color': 'gray'}];2
https://www.nba.com/stats/events/?CFID=&CFPARAMS=&GameEventID=190&GameID=0022400367&Season=2024-25&flag=1&title=MISS%20Payne%2026%27%203PT%20Running%20Pull-Up%20Jump%20Shot;[{'player': '10', 'action': '3PT Shot', 'result': False, 'assisted': False, 'other_player': None, 'color': 'white'}, {'player': '32', 'action': 'Rebound', 'result': None, 'assisted': None, 'other_player': None, 'color': 'blue'}, {'player': '1', 'action': '3PT Shot', 'result': False, 'assisted': False, 'other_player': None, 'color': 'blue'}];3
https://www.nba.com/stats/events/?CFID=&CFPARAMS=&GameEventID=71&GameID=0022400863&Season=2024-25&flag=1&title=Aldama%20REBOUND%20(Off:0%20Def:2);[{'player': '40', 'action': '3PT Shot', 'result': False, 'assisted': False, 'other_player': None, 'color': 'black'}, {'player': '7', 'action': 'Rebound', 'result': None, 'assisted': None, 'other_player': None, 'color': 'red'}];2
https://www.nba.com/stats/events/?CFID=&CFPARAMS=&GameEventID=348&GameID=0022400866&Season=2024-25&flag=1&title=White%2028%27%203PT%20Jump%20Shot%20(9%20PTS)%20(Tatum%207%20AST);[{'player': '9', 'action': '3PT Shot', 'result': True, 'assisted': True, 'other_player': '0', 'color': 'green'}];1
https://www.nba.com/stats/events/?CFID=&CFPARAMS=&GameEventID=34&GameID=0022400363&Season=2024-25&flag=1&title=CELTICS%20Rebound;[{'player': '44', 'action': '3PT Shot', 'result': False, 'assisted': False, 'other_player': None, 'color': 'black'}];1
https://www.nba.com/stats/events/?CFID=&CFPARAMS=&GameEventID=361&GameID=0022400398&Season=2024-25&flag=1&title=Rollins%20REBOUND%20(Off:0%20Def:5);[{'player': '9', 'action': '3PT Shot', 'result': False, 'assisted': False, 'other_player': None, 'color': 'white'}, {'player': '13', 'action': 'Rebound', 'result': None, 'assisted': None, 'other_player': None, 'color': 'green'}];2
https://www.nba.com/stats/events/?CFID=&CFPARAMS=&GameEventID=288&GameID=0062400001&Season=2024-25&flag=1&title=Hartenstein%20REBOUND%20(Off:2%20Def:4);[{'player': '44', 'action': '3PT Shot', 'result': False, 'assisted': False, 'other_player': None, 'color': 'black'}, {'player': '55', 'action': 'Rebound', 'result': None, 'assisted': None, 'other_player': None, 'color': 'orange'}];2
https://www.nba.com/stats/events/?CFID=&CFPARAMS=&GameEventID=451&GameID=0022400910&Season=2024-25&flag=1&title=DeRozan%20Free%20Throw%202%20of%202%20(18%20PTS);[{'player': '10', 'action': 'Free Throw', 'result': True, 'assisted': False, 'other_player': None, 'color': 'black'}];1
https://www.nba.com/stats/events/?CFID=&CFPARAMS=&GameEventID=469&GameID=0022400869&Season=2024-25&flag=1&title=Rozier%20Free%20Throw%201%20of%202%20(5%20PTS);[{'player': '2', 'action': 'Free Throw', 'result': True, 'assisted': False, 'other_player': None, 'color': 'black'}];1
https://www.nba.com/stats/events/?CFID=&CFPARAMS=&GameEventID=461&GameID=0022400866&Season=2024-25&flag=1&title=Pickett%20REBOUND%20(Off:0%20Def:1);[{'player': '12', 'action': 'Free Throw', 'result': False, 'assisted': False, 'other_player': None, 'color': 'green'}, {'player': '24', 'action': 'Rebound', 'result': None, 'assisted': None, 'other_player': None, 'color': 'white'}];2
https://www.nba.com/stats/events/?CFID=&CFPARAMS=&GameEventID=16&GameID=0022400905&Season=2024-25&flag=1&title=Kessler%20REBOUND%20(Off:0%20Def:1);[{'player': '5', 'action': '3PT Shot', 'result': False, 'assisted': False, 'other_player': None, 'color': 'purple'}, {'player': '24', 'action': 'Rebound', 'result': None, 'assisted': None, 'other_player': None, 'color': 'white'}];2
https://www.nba.com/stats/events/?CFID=&CFPARAMS=&GameEventID=454&GameID=0022400371&Season=2024-25&flag=1&title=Henderson%20REBOUND%20(Off:2%20Def:2);[{'player': '8', 'action': '3PT Shot', 'result': False, 'assisted': False, 'other_player': None, 'color': 'white'}, {'player': '00', 'action': 'Rebound', 'result': None, 'assisted': None, 'other_player': None, 'color': 'black'}];2
https://www.nba.com/stats/events/?CFID=&CFPARAMS=&GameEventID=96&GameID=0022400926&Season=2024-25&flag=1&title=Harris%20Free%20Throw%202%20of%202%20(1%20PTS);[{'player': '12', 'action': 'Free Throw', 'result': True, 'assisted': False, 'other_player': None, 'color': 'blue'}];1
https://www.nba.com/stats/events/?CFID=&CFPARAMS=&GameEventID=276&GameID=0022400374&Season=2024-25&flag=1&title=Lopez%2027%27%203PT%20Jump%20Shot%20(8%20PTS)%20(Green%203%20AST);[{'player': '11', 'action': '3PT Shot', 'result': True, 'assisted': True, 'other_player': '20', 'color': 'black'}];1
https://www.nba.com/stats/events/?CFID=&CFPARAMS=&GameEventID=402&GameID=0022401217&Season=2024-25&flag=1&title=Champagnie%20Free%20Throw%201%20of%202%20(8%20PTS);[{'player': '9', 'action': 'Free Throw', 'result': True, 'assisted': False, 'other_player': None, 'color': 'gray'}];1
https://www.nba.com/stats/events/?CFID=&CFPARAMS=&GameEventID=245&GameID=0022400867&Season=2024-25&flag=1&title=Mobley%20Free%20Throw%202%20of%202%20(8%20PTS);[{'player': '4', 'action': 'Free Throw', 'result': True, 'assisted': False, 'other_player': None, 'color': 'white'}];1
https://www.nba.com/stats/events/?CFID=&CFPARAMS=&GameEventID=206&GameID=0022401218&Season=2024-25&flag=1&title=Gobert%20REBOUND%20(Off:2%20Def:1);[{'player': '0', 'action': '3PT Shot', 'result': False, 'assisted': False, 'other_player': None, 'color': 'green'}, {'player': '27', 'action': 'Rebound', 'result': None, 'assisted': None, 'other_player': None, 'color': 'green'}];2
https://www.nba.com/stats/events/?CFID=&CFPARAMS=&GameEventID=249&GameID=0022400894&Season=2024-25&flag=1&title=George%20S.FOUL%20(P1.T1)%20(A.Nagy);[{'player': '20', 'action': '2PT Shot', 'result': False, 'assisted': False, 'other_player': None, 'color': 'blue'}, {'player': '20', 'action': 'Rebound', 'result': None, 'assisted': None, 'other_player': None, 'color': 'blue'}, {'player': '24', 'action': '3PT Shot', 'result': False, 'assisted': False, 'other_player': None, 'color': 'blue'}, {'player': '99', 'action': 'Rebound', 'result': None, 'assisted': None, 'other_player': None, 'color': 'white'}, {'player': '3', 'action': 'Foul', 'result': None, 'assisted': None, 'other_player': None, 'color': 'white'}];5
https://www.nba.com/stats/events/?CFID=&CFPARAMS=&GameEventID=487&GameID=0022400397&Season=2024-25&flag=1&title=Anunoby%203PT%20Jump%20Shot%20(29%20PTS)%20(McBride%202%20AST);[{'player': '8', 'action': '3PT Shot', 'result': True, 'assisted': True, 'other_player': '2', 'color': 'white'}];1
https://www.nba.com/stats/events/?CFID=&CFPARAMS=&GameEventID=559&GameID=0022401226&Season=2024-25&flag=1&title=Collins%20Free%20Throw%202%20of%202%20(12%20PTS);[{'player': '20', 'action': 'Free Throw', 'result': True, 'assisted': False, 'other_player': None, 'color': 'white'}];1
https://www.nba.com/stats/events/?CFID=&CFPARAMS=&GameEventID=629&GameID=0022400371&Season=2024-25&flag=1&title=Gordon%20REBOUND%20(Off:1%20Def:4);[{'player': '17', 'action': '3PT Shot', 'result': False, 'assisted': False, 'other_player': None, 'color': 'black'}, {'player': '32', 'action': 'Rebound', 'result': None, 'assisted': None, 'other_player': None, 'color': 'white'}];2
https://www.nba.com/stats/events/?CFID=&CFPARAMS=&GameEventID=60&GameID=0022400378&Season=2024-25&flag=1&title=Risacher%2024%27%203PT%20Jump%20Shot%20(3%20PTS)%20(Krej%C4%8D%C3%AD%201%20AST);[{'player': '10', 'action': '3PT Shot', 'result': True, 'assisted': True, 'other_player': '27', 'color': 'white'}];1
